id,name,level,charge,school,somatic,verbal,material,Mat-desc,consume,cost,cast,Cast-unit,ritual,duration,Duration-unit,concentration,range,Range-unit,target,Target-unit,Target-type,Acn-type,damage,Save-attr,show,descr,img
3L7I8DH0G63AX9B1,Create Miasma,0,y,nec,y,y,n,,n,,1,action,n,1,minute,y,60,feet,5,ft,cube,save,"1d4,poison",con,y,"<p>A cloud of virulent vapors expands to fill a 5-foot cube within range and lingers there for the duration, permeating into the lungs and skin of any creature who dares enter it. When a creature starts its turn in the miasma or enters a miasma it has not already entered this turn, it must succeed on a Constitution (Save) Check or take 1d4 poison damage and then become infected with the Commoner’s Cold disease (detailed below). An infected creature can repeat the save check at the end of each of its turns, ending the disease on a success.<br>&nbsp;&nbsp;&nbsp;&nbsp;If the creature fails its Constitution (Save) check 5 times, they stop making the save, and the disease remains indefinitely. Each time the infected creature completes a long rest, it can repeat the save, gaining a +1 bonus for each dawn since its infection.<br><br>Commoner's Cold: The creature's immune system is weakened. The first time each turn the infected creature takes poison damage, it suffers 1d4 additional poison damage.<br><br>Charge: This is a spell that can be Charged, modifying its effects. Costs and effects are as follow:<ul><li>1 Mana: The miasma's poison damage is increased to 2d4.</li><li>2 Mana: The size of the cloud increases to a 10-foot cube.</li></ul></p> ",icons/magic/death/skull-poison-green.webp
QVIXYJFEAOXHF2SW,Dread Blade,0,y,nec,y,y,y,small animal bones,n,,1,action,n,1,minute,y,0,self,1,,object,util,,,n,"<p>You draw forth shadowy energy and shape it into a murky, ephemeral blade. Whenever you cast this spell, a shadowy dagger, sickle, shortsword, or hatchet appears in your empty hand and lasts until the spell ends. The weapon&rsquo;s damage is converted to necrotic, and you can choose to use your spellcasting attribute modifier in place of Strength or Dexterity for attack and damage rolls you make with it. Any extra bonuses that would apply to your spell attacks for this cantrip also apply to the blade.</p><p>The weapon temporarily dissipates when held by a creature other than you. If you end your turn not holding the weapon, or if it has been temporarily dissipated, it reappears in your empty hand if you have one, otherwise the spell ends.</p><p>As part of the action you use to cast the spell, you can immediately make a single weapon attack with the weapon.</p><p>Charge: This is a spell that can be Charged, modifying its effects. Costs and effects are as follow:</p><ul><li>1 Mana: You can create a second weapon from the list, but it must have the <strong>Light</strong> trait.</li><li>1 Mana: The weapon gains the trait <strong>Thrown (20/60)</strong>, or its ranges are doubled if it already had it. The weapon reappears in your hand after each thrown attack you make with it.</li><li>2 Mana: The weapon deals an additional die of damage on hit.</li></ul>",icons/magic/death/weapon-sword-skull-purple.webp
1C5YEYA7CB7YVXSJ,Navigate,0,n,div,y,n,y,"a compass, sextant, spyglass, or watch",n,,1,action,n,,inst,n,0,self,0,,self,util,,,n,"<p>You learn one of the following details:&nbsp;</p><ul><li>You know precisely what direction North, South, East, West, up, and down are in.</li><li>You know what time of day or night it is, to the closest hour.</li><li>You know the distance between yourself and a creature, object, or terrain landmark that you can see.</li><li>You know of any upcoming natural changes in the weather within the next 8 hours.</li><li>You know the depth of a body of water or other fluid, measured from a point in it that you are touching.</li></ul>",icons/tools/navigation/compass-plain-blue.webp
JN5WJJMMSLY9SP3D,Summarize,0,y,div,y,y,n,,n,,1,action,n,,inst,n,0,touch,1,,object,util,,,n,"<p>Touching an object that bears writing, you speak aloud a question. If the text contains information that directly pertains to your question in a language you understand, you receive an answer in your mind in the form of a short summary of what the text has to say on the matter. Any text on the object that is relevant to your question glows faintly for 1 minute or until this spell is cast on it again. Additionally, the object opens, unrolls, turns, or flips, to the first part that contains information relevant to your question, as long as it is something you could manipulate with little effort. The spell fails if the answer to your question is only indirectly present in the text, such as in the form of coded messages or by implication or subtext.</p><p>Charge: This is a spell that can be Charged, modifying its effects. Costs and effects are as follow:</p><ul><li>1 Mana: For the next 10 minutes, when you cast this spell it gains the ability to provide a translated summary if the answer to your question is present in a language you don&rsquo;t understand.</li></ul>",icons/skills/trades/academics-book-study-runes.webp
8GEXMY7D4YFCZ32Z,Suspend Disbelief,0,n,tra,y,y,y,"a small pot of paints, dyes, or pigments",n,,1,action,n,1,hour,n,30,ft,1,,object,util,,,n,"<p>With a flourish of magic and a short prescription you magically alter the scenery to better fit your creative vision. You create one of the following effects within range:</p><ul><li>You alter the text present on an object to say something else or render it illegible. This effect lasts one hour. A creature can perceive the unaltered version of the text with a successful Intelligence (Investigation) check against your spell save DC.</li><li>You instantly clean or bloodstain one surface, worn garment, or medium or smaller object. A creature can determine the blood created by this effect to be fake with a successful Wisdom (Medicine) check against your spell save DC.</li><li>You create the sound of a voice speaking a single word, or any other short non-verbal sound such as thunder, an animal noise, or a crowd&rsquo;s cheer. The sound originates from a point you can see within range. A creature can determine that the sound is an imitation with a successful Wisdom (Insight) check against your spell save DC.</li><li>You create an image no larger than 15 feet in any dimension and styled like a painting on one undecorated surface within range such as a blank sheet of parchment or plain wall. When viewed from up close, the image appears to be hastily made and lacking artistry.</li><li>You instantly light or snuff a single non-magical light source such as a candle, lantern, chandelier, or small campfire. You can also dim a light source for 1 hour, suppressing the dim light emitted by it and reducing its bright light to dim light.</li></ul>",icons/magic/control/buff-luck-fortune-rainbow.webp
0XH9CVT02ZJ11QRD,True Colors,0,y,ill,y,n,y,a patch of shed reptile skin,n,,1,action,n,1,minute,n,0,touch,1,,creature,save,,pre,n,"<p>You touch a creature and enchant it with a glamour that, for the duration, causes its body and clothing to change colors subconsciously. Their colors passively shift to better blend in with their environment, but flare up to vibrant colors when experiencing strong emotions.</p><p>As a result, the target gains a +2 bonus to Dexterity (Stealth) checks, and a -3 penalty to Presence (Deception) checks. If you cast this spell on an unwilling creature, it can make a Presence (Save) check to avoid being affected.</p><p>Charge: This is a spell that can be Charged, modifying its effects. Costs and effects are as follow:</p><ul><li>1 Mana: You can concentrate on the spell to extend its duration to 1 hour.</li></ul>",icons/creatures/reptiles/chameleon-camouflage-green-brown.webp
93IZ61HQGJ91795Y,Brittle Beam,1,y,evo,y,y,n,,n,,1,action,n,1,round,n,90,ft,1,,creature,rsak,"3d8,acid",,n,"<p>A corrosive beam of harsh light streaks from your finger toward a target, depositing a thin coating of acid wherever it touches. Make a ranged spell attack against either a creature or an object that is not being worn or carried.<br>&nbsp;&nbsp;&nbsp;&nbsp;If the spell attack hits a creature, it takes 3d8 acid damage and the acid mars its worn or wielded equipment or natural weapons. The first time the creature hits with a weapon attack with any of these weapons before the start of your next turn, it must subtract your spellcasting attribute modifier (minimum 1) from the damage it deals.<br>&nbsp;&nbsp;&nbsp;&nbsp;If the spell attack hits an object, it takes 3d8 acid damage and is vulnerable to the damage of the next weapon attack that hits it.<br><br>Charge: This is a spell that can be Charged, modifying its effects. Costs and effects are as follow: <ul><li>1 Mana: The acid damage increases to 6d8 against objects. </li><li>3 Mana: The acid damage increases to 6d8. </li><li>1 Mana: On a hit, you can choose to concentrate on the spell for up to 1 minute, causing the acid to cling more harshly than before. While you maintain concentration, subtract your spellcasting attribute modifier (minimum 1) from the damage of all weapon attacks the creature makes. </li></ul></p>",icons/magic/acid/pouring-gas-smoke-liquid.webp
1BWH53RXWUBCUZI6,Camouflage,1,y,ill,y,n,y,paints or colorful mud,n,,1,minor,y,10,minute,y,0,touch,1,,creature,util,,,n,"<p>You blanket a creature with illusory magic that subtly muddles visual details to resemble their hiding spot, reducing the effort required to escape the notice of others. If the target&rsquo;s surroundings allow it, they can attempt to Hide immediately as a non-action when this spell is cast. For the spell&rsquo;s duration, the target can attempt to Hide again as a minor action.</p><p>In addition, creatures not actively searching for the target have a -3 to their Awareness to spot them so long as they remain still.</p><p>Charge: This is a spell that can be Charged, modifying its effects. Costs and effects are as follow:</p><ul><li>1 Mana: In addition, any sounds the target makes unintentionally are muffled. The target ignores the penalties to Dexterity (Stealth) checks imposed by wearing armor with the Noisy trait, and they no longer need to remain still to benefit from the -3 to others&rsquo; Awareness.</li><li>1 Mana: The spell&rsquo;s range becomes Self. All creatures hiding and remaining still within 10ft of you are harder to spot. Creatures have a -3 to their Awareness to spot the affected creatures.</li></ul>",icons/magic/perception/eye-slit-orange.webp
DKE251FDI0B9Z47L,Discern Fortune,1,y,div,y,n,y,An illustrated deck worth at least 5sp,n,0.5,1,minute,y,24,hour,n,0,touch,1,,creature,util,,,n,"<p>Shuffling your deck of cards, you focus upon the uncertain future of one willing creature within range. Through the magic of your ritual, these murky possibilities are distilled into portents of guidance for what may come, offered in the form of cards drawn from the deck.&nbsp;</p><p>Generate a spread of cards by either rolling a d12 or drawing from a standard deck of playing cards until you have 3 unique numbers or ranks. Consulting the table below, the target of the spell must immediately choose one of the three offered boons to take. They carry the chosen boon until they spend it or the spell ends. Unless otherwise specified, spending a boon is a non-action. This spell has no effect on a target if they currently hold a boon given by this spell or were bestowed one since their last long rest.</p><p><em>Fortunes Table</em></p><table><tbody><tr><td><p><strong>Roll</strong></p></td><td><p><strong>Card and Boon Effect</strong></p></td></tr><tr><td><p>1 / Ace</p></td><td><p><strong>The Bard:</strong> You can spend this boon as if it were a point of Luck.</p></td></tr><tr><td><p>2</p></td><td><p><strong>The Hunter:</strong> You can spend this boon to add +5 to a missed attack roll, potentially causing it to hit instead.</p></td></tr><tr><td><p>3</p></td><td><p><strong>The Priest:</strong> You can spend this boon as an action to cast one of the following spells without mana or material components: <em>Proclaim, Reassurance*, or Treat Wounds</em>.&nbsp;</p><p>Your spellcasting attribute for this spell is Intelligence, Wisdom, or Presence.</p></td></tr><tr><td><p>4</p></td><td><p><strong>The Winds:</strong> You can spend this boon to ignore difficult terrain for 1 round, or to escape a single grapple.</p></td></tr><tr><td><p>5</p></td><td><p><strong>The Dragon:</strong> When taking acid, cold, fire, lightning, or poison damage, you can spend this boon to gain resistance to that damage type for 1 round.</p></td></tr><tr><td><p>6</p></td><td><p><strong>The Demon:</strong> You can spend this boon to maximize the number rolled on the base damage dice of a single weapon attack. You can choose to use it after rolling the damage dice.</p></td></tr><tr><td><p>7</p></td><td><p><strong>The Sorceress:</strong> You can spend this boon as an action to cast one of the following spells without mana or material components: <em>Arcane Arrows, Conjure Fundamental, or Lash Out.</em></p><p>Your spellcasting attribute for this spell is Intelligence, Wisdom, or Presence.</p></td></tr><tr><td><p>8</p></td><td><p><strong>The Sunset:</strong> You can spend this boon before making a Death Throw in order to succeed without rolling.</p></td></tr><tr><td><p>9</p></td><td><p><strong>The Constellation:</strong> You can spend this boon when making a skill check you are not proficient with to gain proficiency in that skill until your next long rest.</p></td></tr><tr><td><p>10</p></td><td><p><strong>The Keep:</strong> You can spend this boon to halve the damage of a single critical hit against you.</p></td></tr><tr><td><p>11 / Jack</p></td><td><p><strong>The Shadow:</strong> When attempting to hide, you can spend this boon to copy the Dexterity (Stealth) check of a hidden creature you have seen within the past minute instead of rolling your own check.</p></td></tr><tr><td><p>12 / Queen</p></td><td><p><strong>The Envoy:</strong> When hearing a language you don&rsquo;t understand, you can spend this boon to gain the ability to understand and speak that language until your next long rest.</p></td></tr><tr><td><p>King</p></td><td><p><strong>The King:</strong> This card does nothing. Draw again.</p></td></tr></tbody></table><p>Charge: This is a spell that can be Charged, modifying its effects. Costs and effects are as follow:</p><ul><li>1 Mana: The target can keep 1 additional boon from the choices offered to them.</li><li>1 Mana: The number of boon options to choose from is increased by 2.</li></ul>",icons/sundries/gaming/playing-cards-grey.webp
QCCRMIWOSKAGJIAX,Heighten Senses,1,y,tra,n,y,y,"a carrot for sight, the ear of a beast for hearing, a downy feather for touch, a thin cracker for taste, or a spicy pepper for smell",n,,1,action,n,1,hour,n,0,touch,1,,creature,util,,,n,"<p>You sharpen a creature&rsquo;s sense of sight, hearing, touch, taste, or smell. For the duration the target has advantage on Wisdom (Perception) and Wisdom (Instinct) checks where the chosen sense is applicable. This also has the effect of granting them a +5 bonus to Awareness in situations where the enhanced sense would apply.</p><p>Charge:&nbsp;This is a spell that can be Charged, modifying its effects. Costs and effects are as follow:</p><ul><li>1 Mana: You enhance all five senses instead of just one, but the spell requires all five material components if you don&rsquo;t have a focus.</li><li>1 Mana: You additionally gain a sixth sense, allowing the target to sense the presence of @Compendium[undertaking.conditions.YE63H7VLOHW7NFHO]{Invisible}&nbsp;creatures within 30ft of them, whether corporeal or metaphysical. While the target cannot actually see the creature, the Invisible condition does not grant any benefits against the target.</li></ul>",icons/magic/perception/eye-ringed-glow-angry-red.webp
J5U5KBOO9206NABR,Reassurance,1,y,mes,y,y,n,,n,,1,action,n,,inst,n,30,ft,1,,creature,util,,,n,"<p>You assuage feelings of panic and desperation in one creature you can see, steeling its resolve to act. Choose one of the following effects:</p><ul><li>If the creature has taken a desperate action since its last turn, it can act normally on its next turn. Even with this benefit, it can&rsquo;t take another desperate action before the start of its next turn.</li><li>If the creature is suffering from one or more effects causing it to be @Compendium[undertaking.conditions.KJXJ0T5RPNC51N4V]{Charmed} or @Compendium[undertaking.conditions.UK95BQ45TGSD5Q3V]{Frightened} you can force it to immediately repeat its (Save) check against one of those effects at advantage.</li></ul><p>&nbsp;</p><p>Charge: This is a spell that can be Charged, modifying its effects. Costs and effects are as follow:</p><ul><li>1 Mana: You can choose both effects.</li><li>1 Mana: If you choose to make the target repeat its (Save) check and it fails, it makes all subsequent (Save) checks to end that effect at advantage.</li></ul>",icons/magic/holy/meditation-chi-focus-blue.webp
S653DDG72GPXIKG6,Siren’s Lure,1,y,mes,y,y,n,,n,,1,action,n,10,minute,y,30,ft,1,,creature,save,,wis,n,"<p>You attempt to dazzle a creature, drawing it into a lull and instilling it with an irresistible compulsion to come closer. It must make a Wisdom (Save) check, and does so with advantage if you or your companions are fighting it. If it fails the saving throw, it is @Compendium[undertaking.conditions.KJXJ0T5RPNC51N4V]{Charmed} by you until the spell ends or until you or your companions do anything harmful to it.</p><p>While the creature is @Compendium[undertaking.conditions.KJXJ0T5RPNC51N4V]{Charmed} by this spell, it cannot willingly move further away from you. On each of your turns, you can use a minor action to compel a creature under the spell&rsquo;s effect to immediately move up to half its speed closer to you. The creature avoids hazardous terrain to the best of its ability and stops moving if it reaches a point where there is no safe terrain to proceed along.</p><p>Charge: This is a spell that can be Charged, modifying its effects. Costs and effects are as follow:</p><ul><li>1 Mana: You can target an additional creature.</li><li>2 Mana: While the target is @Compendium[undertaking.conditions.KJXJ0T5RPNC51N4V]{Charmed} by this spell, it must make a Wisdom (Save) check at the start of each of its turns. On a failure, the target is @Compendium[undertaking.conditions.3CQC3JEY2C3Y721F]{Incapacitated} until the start of its next turn.</li><li>3 Mana: You can target two additional creatures.</li></ul>",icons/magic/control/hypnosis-mesmerism-eye.webp
UP6CZCZNLFNH0ACB,Song of Adventure,1,y,mes,n,y,y,a musical instrument,n,,1,action,n,1,minute,y,0,self,30,ft,sphere,util,,,n,"<p>You sing or play the first verse song, which continues on its own and builds to fill the space around you with energizing music. The music instills creatures of your choice that can hear you with a sense of expeditiousness, granting them an additional 15 feet of movement the first time they are within 30 feet of you each turn.</p><p>Charge: This spell can be Charged, modifying its effects for a cost:&nbsp;</p><ul><li>1 Mana: The duration increases to 2 hours. Long-distance travel over land takes your group half the usual time for the duration.</li></ul>",icons/magic/nature/instrument-recorder-leaves.webp
TEWDHMG3SCTXBPOO,Unearthly Blaze,1,y,con,y,y,y,a censer,n,,1,action,n,,inst,n,20,ft,15,ft,cube,save,"2d8,fire or cold",dex,n,"<p>Invoking the name of an otherworldly realm or being that is celestial or fiendish in nature, you call forth a conflagration of ghostly flame that fills a 15ft cube centered on a point you can see within range. You choose what unnatural color the flames are and if they deal cold or fire damage. Each creature inside the area must make a Dexterity (Save) check. On a failed save the creature takes 2d8 damage of the chosen type, or half damage on a successful save.</p><p>Charge: This is a spell that can be Charged, modifying its effects. Costs and effects are as follow:</p><ul><li>1 Mana: The flames burn brilliantly. The damage increases by 1d8 and you can choose for its type to be radiant instead.</li><li>1 Mana: The flames rage furiously. The damage type is changed to chaos.</li></ul>",icons/magic/unholy/barrier-fire-pink.webp
SJOC3K184JG3G1IC,Vitalizing Prose,1,y,nec,n,y,n,,n,,1,minor,n,,inst,n,60,ft,1,,creature,heal,"1d4+@mod,healing",,n,"<p>Your words stir heroism in a creature and staunch its wounds. One creature within range that can hear you (though it need not understand you) regains hit points equal to 1d4 + your spellcasting modifier. This spell has no effect on a creature that is @Compendium[undertaking.conditions.9KB959MRZ0H4IT4C]{Unconscious} or @Compendium[undertaking.conditions.WK17M9FZR08DRUP1]{Deafened}.</p><p>Desperate: When you cast this spell as a desperate action, it gains the ability to affect creatures that were knocked @Compendium[undertaking.conditions.9KB959MRZ0H4IT4C]{Unconscious} if used during the turn they fell unconscious. This healing does not prevent the creature from falling @Compendium[undertaking.conditions.RK3DF56CKMQUV6DM]{Prone}. In addition, the target also gains 1d4 temporary hit points.</p><p>Charge: This is a spell that can be Charged, modifying its effects. Costs and effects are as follow:</p><ul><li>1 Mana: The hit points restored increases to 2d4 + your spellcasting modifier.</li><li>2 Mana: Target an additional creature within range.</li></ul>",icons/magic/sonic/scream-wail-shout-teal.webp
3GQO7W6OO5XT0GWP,Ablation Ward,2,y,abj,y,n,n,,n,,1,action,n,1,minute,n,0,touch,1,,creature,util,,,n,"<p>Reaching out, you quickly trace a pattern of warding sigils on a creature and enshroud them in several layers of protective barriers. The creature gains a +4 bonus to AC for the duration of the spell. Each time an attack directed at the creature fails to hit, this AC bonus is decreased by 1 as the result of one of the protective wards activating to deflect the attack and then losing its magic. The spell ends early if the AC bonus it provides is reduced to 0. If this spell is cast on a creature that is already benefiting from it, the copy with the lower remaining AC bonus ends.</p><p>Charge: This is a spell that can be Charged, modifying its effects. Costs and effects are as follow:</p><ul><li>1 Mana: Each time a melee attacker destroys one of the protective wards, it is pushed 10ft away from the target.</li><li>2 Mana: The bonus to AC increases by 2.</li></ul>",icons/magic/defensive/barrier-shield-dome-deflect-blue.webp
WR681XHI4K1RFFID,Cauterize,2,y,evo,y,y,y,A bandage and a dab of oil,n,,1,action,n,,inst,n,0,touch,1,,creature,save,"2d6,fire",dex,n,"<p>You reach out and sear a creature&rsquo;s open wounds. The creature takes 2d6 fire damage and must make a Dexterity (Save) Check to try and pull away, which it can choose to fail. On a failed save, you choose one of the following to happen:</p><ul><li>All of the creature&rsquo;s stacks of @Compendium[undertaking.conditions.R54LQEKSDXNQ3N75]{Bleeding}&nbsp;are removed, and it suffers an additional 1d6 fire damage for each stack removed.</li><li>The creature resists the spell&rsquo;s fire damage and gains temporary hit points equal to the fire damage taken. This damage cannot reduce a creature below 1 hit point. Additionally, all of the creature&rsquo;s stacks of @Compendium[undertaking.conditions.R54LQEKSDXNQ3N75]{Bleeding}&nbsp;are removed, gaining an additional 1d6 temporary hit points per removed stack.</li></ul><p>Charge: This is a spell that can be Charged, modifying its effects. Costs and effects are as follow:</p><ul><li>2 Mana: After resolving the spell&rsquo;s effects, re-apply half of the stacks of @Compendium[undertaking.conditions.R54LQEKSDXNQ3N75]{Bleeding}&nbsp;the spell removed.</li><li>X Mana: For each extra Mana you spend, up to your charge limit, you can also remove one stack of @Compendium[undertaking.conditions.R54LQEKSDXNQ3N75]{Bleeding}&nbsp;from yourself. If the target fails its save, you can include these in the total stacks of @Compendium[undertaking.conditions.R54LQEKSDXNQ3N75]{Bleeding}&nbsp;removed when determining the spell&rsquo;s effects on the target.</li></ul>",icons/magic/fire/flame-burning-hand-orange.webp
9J6AS3OK4M7GS3NW,Corporeal Semblance,2,y,tra,y,n,y,"A lock of hair, vial of blood, or other fragment taken from a societal creature in its natural form, which the spell consumes",y,,1,minute,n,8,hour,y,0,touch,1,,creature,util,,,n,"<p>You temporarily change the race of one willing creature you touch, giving them the form, appearance, and racial abilities of a creature from a different lineage. For the duration, the target replaces all of their racial abilities with those of the creature that the spell&rsquo;s material components were taken from, ignoring any changes to attributes, maximum hit points, lifespan, proficiencies, languages, or equipment.&nbsp;</p><p>The target&rsquo;s new form loosely resembles that of the copied creature such that they could be mistaken for a relative, but not to the extent that anyone would confuse the two. Within these constraints, the target can fine-tune aspects of their new appearance, such as hairstyle, body markings, age, and body shape, as long as they are possible for the new race and relatively similar to the copied creature.</p><p>The magic of the spell provides the target with a basic understanding of their new form&rsquo;s capabilities and helps acclimate them to any unusual externalities such as new senses, different forms of locomotion, or an alien set of vocal cords.</p><p>This spell struggles to perfectly recreate any magical aspects the target&rsquo;s new form may have. Abilities that would restore a creature&rsquo;s mana can only restore up to 1 mana total across the transformation&rsquo;s duration. Additionally, the target must use its own mana to cast any spells of 2nd level or higher granted by their new race, even if they would normally be able to cast them without mana.</p><p>Charge: This is a spell that can be Charged, modifying its effects. Costs and effects are as follow:</p><ul><li>0 Mana: The spell no longer requires Concentration but only lasts 1 hour.</li><li>1 Mana: The target&rsquo;s clothing and armor alter and resize to accommodate their new form, but the material and style remains the same. They remain in this altered state for the spell&rsquo;s duration, even when doffed.</li><li>2 Mana: The spell consumes an additional valid material component, taken from a different creature. The target gains the core race abilities from one and the branch race abilities from the other, and their new form resembles a hybrid of the two.</li></ul>",icons/magic/control/energy-stream-link-white.webp
DV87F1MQUC5C59VW,Corrosive Wash,2,y,con,y,y,y,"vinegar, a piece of limestone",n,,1,action,n,1,round,n,30,ft,1,,creature,save,"2d10,acid",dex,n,"<p>You conjure a shower of corrosive acid upon a target within range. The target must make a Dexterity (Save) check. On a failed save, it takes 2d10 acid damage and becomes coated in bubbling acid, temporarily weakening its defenses. If the creature is benefiting from natural armor, medium armor, heavy armor, or a shield then it suffers a -2 penalty to AC until the end of your next turn. This reduction to AC cannot be combined with other effects that reduce AC, such as multiple castings of this spell.</p><p>On a successful save, the creature takes half of the damage and suffers no other effects.</p><p>Charge: This is a spell that can be Charged, modifying its effects. Costs and effects are as follow:</p><ul><li>1 Mana: The AC reduction applies to any target that fails their save, regardless of what armor or shields they have.</li><li>2 Mana: The AC penalty increases to -3.</li><li>2 Mana: In addition to targeting a creature, you can cause the acid to permanently eat holes in one Large or smaller object not being worn or carried or one 5-foot section of wall that is within 5 feet of the target. As well as weakening the structural integrity of the object or surface, any creature that attempts to use it as cover gains one tier lower of obstruction from the object than it normally would. For example, a creature fully obscured by it would only gain the benefits of three-quarters cover. Weapons affected by this deal a damage die size smaller.</li></ul>",icons/magic/acid/dissolve-bone-white.webp
L8EH1IKESXSA5G3H,Elemental Arrestiture,2,n,abj,y,n,n,,n,,1,reaction,n,1,round,n,0,self,0,,self,util,"1d6,varies",,n,"<p>When taking acid, cold, fire, force, or lightning damage, pick one of these damage types. As a reaction, you quickly shield your body with currents attuned to ward against and trap that element, gaining resistance to this element until the end of your next turn. <br />In addition, until the spell ends, creatures that hit you with a melee attack suffer 1d6 damage of the resisted damage type as the elements trapped in the ward flare up in response.</p>",icons/magic/symbols/elements-air-earth-fire-water.webp
2PJ8ZPXCT48NTRUF,Escape,2,y,tra,n,y,n,,n,,1,minor,n,1,round,n,0,self,1,,creature,util,,,n,"<p>With a startling shout, you momentarily transform into a harmless flying cloud of vapor, beasts, or spirits. While transformed in this way, your size becomes Tiny, you have the ability to fly, and you gain an additional 30 ft of movement this turn.&nbsp;</p><p>You revert to your normal form once you have moved 30 ft, you attempt to take any other actions, or you end your turn. If you revert in a space too small to contain you, you take 5 force damage and are forced back along the path you took until there is enough space to accommodate you.</p><p>When you transform, all equipment you are wearing or carrying transforms with you, and you automatically escape any @Compendium[undertaking.conditions.FGVFFYGPAFQGZ5RP]{Grappled}&nbsp;or @Compendium[undertaking.conditions.1EK5V6KTYAWC6S69]{Restrained}&nbsp;conditions caused by non-magical sources. Magical effects causing you to be @Compendium[undertaking.conditions.FGVFFYGPAFQGZ5RP]{Grappled}&nbsp;or @Compendium[undertaking.conditions.1EK5V6KTYAWC6S69]{Restrained}&nbsp;are only suppressed while you are transformed.</p><p>Charge: This is a spell that can be Charged, modifying its effects. Costs and effects are as follow:</p><ul><li>1 Mana: If used as a Desperate Action, you gain advantage on Dexterity (Save) Checks and an additional +2 AC until the end of the interrupted creature&rsquo;s turn.</li><li>2 Mana: One willing creature within 5ft of you is also transformed and carried with you. When your transformation ends they are deposited in the nearest empty space.</li></ul>",icons/creatures/birds/birds-flock-fly-yellow.webp
HVOF7QNI17K2O6C1,Snowslide,2,y,con,y,y,y,A bottle of mountain springwater,n,,1,action,n,,inst,n,60,ft,20,ft,cube,save,"3d8,cold",con,n,"<p>A cascade of snow and ice sweeps through a 20-foot cube centered on a point you choose within range. When you cast this spell, choose one side of the cube (excluding the top and bottom) to be the side of egress. Each creature within the cube must make a Constitution (Save) Check. On a failed save, a creature takes 3d8 cold damage and is moved directly towards the chosen egress side until it is ejected from the cube or is stopped by an obstacle. On a successful save, a creature takes half damage and is not moved. Afterwards, the snow rapidly melts and dissipates, leaving behind only small clumps and puddles.</p><p>Charge: This is a spell that can be Charged, modifying its effects. Costs and effects are as follow:</p><ul><li>1 Mana: Snow coats the ground in the cube for the next minute. While snow-covered, the area is considered difficult terrain. The snow within each 5-foot space melts early when it or a creature in it is subjected to any fire damage.</li><li>2 Mana: The size increases to a 30-foot cube.</li></ul>",icons/magic/water/ice-snowman.webp
BNG42U9X3RWWFWXA,Static Spark,2,y,evo,y,y,y,A piece of fur and a glass sphere,n,,1,action,n,1,minute,y,60,ft,1,,creature,rsak,"2d10,lightning,2d6,lightning",,n,"<p>You hurl a ball of electricity at a creature within range, making a ranged spell attack. On a hit, the target takes 2d10 lightning damage and becomes charged with static electricity. On a miss, the spell ends. For the duration, you can use your action to make a ranged spell attack against any other creature within 15 feet of the charged creature, dealing 2d6 lightning damage on a hit.</p><p>Charge: This is a spell that can be Charged, modifying its effects. Costs and effects are as follow:</p><ul><li>1 Mana: If you miss the initial spell attack, the spell does not end and the target creature&rsquo;s space becomes charged with electricity instead. The rest of the spell functions as normal but with the words &ldquo;charged creature&rdquo; replaced with &ldquo;charged space&rdquo;.</li><li>1 Mana: Instead of making a spell attack, you can touch a willing creature to harmlessly charge them with electricity instead. The spell functions as normal, skipping the initial attack damage.</li><li>4 Mana: The subsequent spell attacks can be triggered as a minor action.</li></ul>",icons/magic/lightning/projectile-tendrils-teal.webp
05GSPZ2EJSXDRGRB,Premonition,4,n,div,y,y,n,,n,,1,reaction,n,1,round,n,30,ft,1,,creature,util,,,n,"<p>You weave an incantation that gives one creature a short glimpse into what effect their actions may have. As a reaction you can target one creature within range that is beginning its turn, imbuing it with a mystical vision of foresight. The target carries out its turn as normal, but players should make careful note of any changes to the hit points and other resources of creatures during the turn. At the end of its turn, the target must choose to either accept the outcome of its actions or to avert this possible fate. If the creature is unable to make this choice due to being dead or @Compendium[undertaking.conditions.9KB959MRZ0H4IT4C]{Unconscious}, the outcome is automatically averted.</p><p>If the target accepts the outcome, the turn order progresses as normal. If the target chooses to avert this outcome, all actions taken by any creature since the start the target&rsquo;s turn are undone, and any resources expended are regained. The target experiences this undone turn as a vision of what might have been. From all other perspectives, the undone turn never happened. The target can take its turn again from the beginning, unbound by the choices and dice results of its previous attempt.</p><p>A creature can only alter its fate with this spell once per round. If an effect would increase the duration of this spell, the premonition doesn&rsquo;t happen until the target creature chooses to activate it at the start of their turn while the spell is active. Once the creature chooses to activate the premonition, the spell will end at the end of the creature&rsquo;s turn regardless of whether they chose to alter their fate with it or not.</p><p>The tenuous window of time provided by this spell reacts poorly with other forms of divination. Whenever a creature under the effects of this spell casts a Divination spell of 1st level or higher, this spell immediately ends and they lose their ability to alter their fate this turn.</p><p>If you cast this spell in a situation where time is not being tracked in turns, then the foresight it confers lasts about 6 seconds. For example, this would be enough time to foresee the outcome of one brief skill check or the response to one statement in a conversation.</p>",icons/magic/time/hourglass-brown-orange.webp
